gender,race/ethnicity,parental level of education,lunch,test preparation course,Math,Reading,Writing,ID,Attendance,Total
female,group B,bachelor's degree,standard,none,72,72,74,1,87,218
female,group C,some college,standard,completed,69,90,88,2,85,247
female,group B,master's degree,standard,none,90,95,93,3,87,278
male,group A,associate's degree,free/reduced,none,47,57,44,4,75,148
male,group C,some college,standard,none,76,78,75,5,70,229
female,group B,associate's degree,standard,none,71,83,78,6,79,232
female,group B,some college,standard,completed,88,95,92,7,87,275
male,group B,some college,free/reduced,none,40,43,39,8,73,122
male,group D,high school,free/reduced,completed,64,64,67,9,84,195
female,group B,high school,free/reduced,none,38,60,50,10,87,148
male,group C,associate's degree,standard,none,58,54,52,11,95,164
male,group D,associate's degree,standard,none,40,52,43,12,76,135
female,group B,high school,standard,none,65,81,73,13,89,219
male,group A,some college,standard,completed,78,72,70,14,97,220
female,group A,master's degree,standard,none,50,53,58,15,90,161
female,group C,some high school,standard,none,69,75,78,16,85,222
male,group C,high school,standard,none,88,89,86,17,81,263
female,group B,some high school,free/reduced,none,18,32,28,18,74,78
male,group C,master's degree,free/reduced,completed,46,42,46,19,76,134
female,group C,associate's degree,free/reduced,none,54,58,61,20,94,173
male,group D,high school,standard,none,66,69,63,21,95,198
female,group B,some college,free/reduced,completed,65,75,70,22,91,210
male,group D,some college,standard,none,44,54,53,23,84,151
female,group C,some high school,standard,none,69,73,73,24,99,215
male,group D,bachelor's degree,free/reduced,completed,74,71,80,25,84,225
male,group A,master's degree,free/reduced,none,73,74,72,26,75,219
male,group B,some college,standard,none,69,54,55,27,71,178
female,group C,bachelor's degree,standard,none,67,69,75,28,90,211
male,group C,high school,standard,none,70,70,65,29,94,205
female,group D,master's degree,standard,none,62,70,75,30,95,207
female,group D,some college,standard,none,69,74,74,31,93,217
female,group B,some college,standard,none,63,65,61,32,71,189
female,group E,master's degree,free/reduced,none,56,72,65,33,73,193
male,group D,some college,standard,none,40,42,38,34,91,120
male,group E,some college,standard,none,97,87,82,35,77,266
male,group E,associate's degree,standard,completed,81,81,79,36,92,241
female,group D,associate's degree,standard,none,74,81,83,37,78,238
female,group D,some high school,free/reduced,none,50,64,59,38,90,173
female,group D,associate's degree,free/reduced,completed,75,90,88,39,77,253
male,group B,associate's degree,free/reduced,none,57,56,57,40,92,170
male,group C,associate's degree,free/reduced,none,55,61,54,41,85,170
female,group C,associate's degree,standard,none,58,73,68,42,100,199
female,group B,associate's degree,standard,none,53,58,65,43,91,176
male,group B,some college,free/reduced,completed,59,65,66,44,77,190
female,group E,associate's degree,free/reduced,none,50,56,54,45,89,160
male,group B,associate's degree,standard,none,65,54,57,46,91,176
female,group A,associate's degree,standard,completed,55,65,62,47,93,182
female,group C,high school,standard,none,66,71,76,48,98,213
female,group D,associate's degree,free/reduced,completed,57,74,76,49,88,207
male,group C,high school,standard,completed,82,84,82,50,94,248
male,group E,some college,standard,none,53,55,48,51,97,156
male,group E,associate's degree,free/reduced,completed,77,69,68,52,79,214
male,group C,some college,standard,none,53,44,42,53,90,139
male,group D,high school,standard,none,88,78,75,54,82,241
female,group C,some high school,free/reduced,completed,71,84,87,55,89,242
female,group C,high school,free/reduced,none,33,41,43,56,70,117
female,group E,associate's degree,standard,completed,82,85,86,57,94,253
male,group D,associate's degree,standard,none,52,55,49,58,99,156
male,group D,some college,standard,completed,58,59,58,59,93,175
female,group C,some high school,free/reduced,none,0,17,10,60,97,27
male,group E,bachelor's degree,free/reduced,completed,79,74,72,61,81,225
male,group A,some high school,free/reduced,none,39,39,34,62,90,112
male,group A,associate's degree,free/reduced,none,62,61,55,63,82,178
female,group C,associate's degree,standard,none,69,80,71,64,80,220
female,group D,some high school,standard,none,59,58,59,65,93,176
male,group B,some high school,standard,none,67,64,61,66,70,192
male,group D,some high school,free/reduced,none,45,37,37,67,91,119
female,group C,some college,standard,none,60,72,74,68,70,206
male,group B,associate's degree,free/reduced,none,61,58,56,69,85,175
female,group C,associate's degree,standard,none,39,64,57,70,100,160
female,group D,some college,free/reduced,completed,58,63,73,71,100,194
male,group D,some college,standard,completed,63,55,63,72,91,181
female,group A,associate's degree,free/reduced,none,41,51,48,73,96,140
male,group C,some high school,free/reduced,none,61,57,56,74,83,174
male,group C,some high school,standard,none,49,49,41,75,81,139
male,group B,associate's degree,free/reduced,none,44,41,38,76,74,123
male,group E,some high school,standard,none,30,26,22,77,87,78
male,group A,bachelor's degree,standard,completed,80,78,81,78,91,239
female,group D,some high school,standard,completed,61,74,72,79,78,207
female,group E,master's degree,standard,none,62,68,68,80,77,198
female,group B,associate's degree,standard,none,47,49,50,81,86,146
male,group B,high school,free/reduced,none,49,45,45,82,91,139
male,group A,some college,free/reduced,completed,50,47,54,83,86,151
male,group E,associate's degree,standard,none,72,64,63,84,84,199
male,group D,high school,free/reduced,none,42,39,34,85,85,115
female,group C,some college,standard,none,73,80,82,86,86,235
female,group C,some college,free/reduced,none,76,83,88,87,89,247
female,group D,associate's degree,standard,none,71,71,74,88,82,216
female,group A,some college,standard,none,58,70,67,89,82,195
female,group D,some high school,standard,none,73,86,82,90,81,241
female,group C,bachelor's degree,standard,none,65,72,74,91,77,211
male,group C,high school,free/reduced,none,27,34,36,92,73,97
male,group C,high school,standard,none,71,79,71,93,91,221
male,group C,associate's degree,free/reduced,completed,43,45,50,94,82,138
female,group B,some college,standard,none,79,86,92,95,95,257
male,group C,associate's degree,free/reduced,completed,78,81,82,96,96,241
male,group B,some high school,standard,completed,65,66,62,97,81,193
female,group E,some college,standard,completed,63,72,70,98,99,205
female,group D,some college,free/reduced,none,58,67,62,99,92,187
female,group D,bachelor's degree,standard,none,65,67,62,100,82,194
male,group B,some college,standard,none,79,67,67,101,91,213
male,group D,bachelor's degree,standard,completed,68,74,74,102,96,216
female,group D,associate's degree,standard,none,85,91,89,103,82,265
male,group B,high school,standard,completed,60,44,47,104,93,151
male,group C,some college,standard,completed,98,86,90,105,96,274
female,group C,some college,standard,none,58,67,72,106,100,197
female,group D,master's degree,standard,none,87,100,100,107,73,287
male,group E,associate's degree,standard,completed,66,63,64,108,70,193
female,group B,associate's degree,free/reduced,none,52,76,70,109,97,198
female,group B,some high school,standard,none,70,64,72,110,75,206
female,group D,associate's degree,free/reduced,completed,77,89,98,111,80,264
male,group C,high school,standard,none,62,55,49,112,82,166
male,group A,associate's degree,standard,none,54,53,47,113,84,154
female,group D,some college,standard,none,51,58,54,114,83,163
female,group E,bachelor's degree,standard,completed,99,100,100,115,74,299
male,group C,high school,standard,none,84,77,74,116,88,235
female,group B,bachelor's degree,free/reduced,none,75,85,82,117,70,242
female,group D,bachelor's degree,standard,none,78,82,79,118,84,239
female,group D,some high school,standard,none,51,63,61,119,77,175
female,group C,some college,standard,none,55,69,65,120,81,189
female,group C,bachelor's degree,standard,completed,79,92,89,121,79,260
male,group B,associate's degree,standard,completed,91,89,92,122,75,272
female,group C,some college,standard,completed,88,93,93,123,99,274
male,group D,high school,free/reduced,none,63,57,56,124,100,176
male,group E,some college,standard,none,83,80,73,125,95,236
female,group B,high school,standard,none,87,95,86,126,81,268
male,group B,some high school,standard,none,72,68,67,127,76,207
male,group D,some college,standard,completed,65,77,74,128,98,216
male,group D,master's degree,standard,none,82,82,74,129,98,238
female,group A,bachelor's degree,standard,none,51,49,51,130,75,151
male,group D,master's degree,standard,none,89,84,82,131,76,255
male,group C,some high school,free/reduced,completed,53,37,40,132,98,130
male,group E,some college,free/reduced,completed,87,74,70,133,85,231
female,group C,some college,standard,completed,75,81,84,134,77,240
male,group D,bachelor's degree,free/reduced,completed,74,79,75,135,74,228
male,group C,bachelor's degree,standard,none,58,55,48,136,83,161
male,group B,some high school,standard,completed,51,54,41,137,85,146
male,group E,high school,standard,none,70,55,56,138,75,181
female,group C,associate's degree,standard,none,59,66,67,139,88,192
male,group D,some college,standard,completed,71,61,69,140,85,201
female,group D,some high school,standard,none,76,72,71,141,84,219
female,group C,some college,free/reduced,none,59,62,64,142,89,185
female,group E,some college,free/reduced,completed,42,55,54,143,86,151
male,group A,high school,standard,none,57,43,47,144,92,147
male,group D,some college,standard,none,88,73,78,145,89,239
female,group C,some college,free/reduced,none,22,39,33,146,90,94
male,group B,some high school,standard,none,88,84,75,147,98,247
male,group C,associate's degree,free/reduced,none,73,68,66,148,100,207
female,group D,bachelor's degree,standard,completed,68,75,81,149,93,224
male,group E,associate's degree,free/reduced,completed,100,100,93,150,77,293
male,group A,some high school,standard,completed,62,67,69,151,70,198
male,group A,bachelor's degree,standard,none,77,67,68,152,80,212
female,group B,associate's degree,standard,completed,59,70,66,153,81,195
male,group D,bachelor's degree,standard,none,54,49,47,154,89,150
male,group D,some high school,standard,none,62,67,61,155,90,190
female,group C,some college,standard,completed,70,89,88,156,74,247
female,group E,high school,free/reduced,completed,66,74,78,157,76,218
male,group B,some college,free/reduced,none,60,60,60,158,94,180
female,group B,associate's degree,standard,completed,61,86,87,159,76,234
male,group D,associate's degree,free/reduced,none,66,62,64,160,87,192
male,group B,associate's degree,free/reduced,completed,82,78,74,161,95,234
female,group E,some college,free/reduced,completed,75,88,85,162,73,248
male,group B,master's degree,free/reduced,none,49,53,52,163,79,154
male,group C,high school,standard,none,52,53,49,164,97,154
female,group E,master's degree,standard,none,81,92,91,165,96,264
female,group C,bachelor's degree,standard,completed,96,100,100,166,72,296
male,group C,high school,free/reduced,completed,53,51,51,167,89,155
female,group B,master's degree,free/reduced,completed,58,76,78,168,91,212
female,group B,high school,standard,completed,68,83,78,169,86,229
female,group C,some college,free/reduced,completed,67,75,70,170,70,212
male,group A,high school,standard,completed,72,73,74,171,98,219
male,group E,some high school,standard,none,94,88,78,172,71,260
female,group D,some college,standard,none,79,86,81,173,94,246
female,group C,associate's degree,standard,none,63,67,70,174,85,200
female,group C,bachelor's degree,free/reduced,completed,43,51,54,175,72,148
female,group C,master's degree,standard,completed,81,91,87,176,81,259
female,group B,high school,free/reduced,completed,46,54,58,177,95,158
female,group C,associate's degree,standard,completed,71,77,77,178,91,225
female,group B,master's degree,free/reduced,completed,52,70,62,179,94,184
female,group D,some high school,standard,completed,97,100,100,180,73,297
male,group C,master's degree,free/reduced,completed,62,68,75,181,94,205
female,group C,some college,free/reduced,none,46,64,66,182,98,176
female,group E,high school,standard,none,50,50,47,183,77,147
female,group D,associate's degree,standard,none,65,69,70,184,99,204
male,group C,some high school,free/reduced,completed,45,52,49,185,83,146
male,group C,associate's degree,free/reduced,completed,65,67,65,186,82,197
male,group E,high school,standard,none,80,76,65,187,84,221
male,group D,some high school,standard,completed,62,66,68,188,93,196
male,group B,some high school,free/reduced,none,48,52,45,189,88,145
female,group C,bachelor's degree,standard,none,77,88,87,190,70,252
female,group E,associate's degree,standard,none,66,65,69,191,74,200
male,group D,some college,standard,completed,76,83,79,192,78,238
female,group B,some high school,standard,none,62,64,66,193,74,192
male,group D,some college,standard,completed,77,62,62,194,70,201
female,group C,master's degree,standard,completed,69,84,85,195,92,238
male,group D,associate's degree,standard,none,61,55,52,196,77,168
male,group C,some high school,free/reduced,completed,59,69,65,197,72,193
male,group E,high school,free/reduced,none,55,56,51,198,84,162
female,group B,some college,free/reduced,none,45,53,55,199,95,153
female,group B,bachelor's degree,free/reduced,none,78,79,76,200,97,233
female,group C,associate's degree,standard,completed,67,84,86,201,70,237
female,group D,some college,free/reduced,none,65,81,77,202,77,223
male,group C,associate's degree,standard,none,69,77,69,203,86,215
female,group B,associate's degree,standard,none,57,69,68,204,97,194
male,group C,some college,standard,none,59,41,42,205,84,142
male,group D,some high school,standard,completed,74,71,78,206,70,223
male,group E,bachelor's degree,standard,none,82,62,62,207,83,206
male,group E,high school,standard,completed,81,80,76,208,82,237
female,group B,some college,free/reduced,none,74,81,76,209,73,231
female,group B,some college,free/reduced,none,58,61,66,210,82,185
male,group D,some high school,free/reduced,completed,80,79,79,211,70,238
male,group C,some college,free/reduced,none,35,28,27,212,85,90
female,group C,high school,free/reduced,none,42,62,60,213,99,164
male,group C,associate's degree,free/reduced,completed,60,51,56,214,82,167
male,group E,high school,standard,completed,87,91,81,215,98,259
male,group B,some high school,standard,completed,84,83,75,216,96,242
female,group E,associate's degree,free/reduced,completed,83,86,88,217,77,257
female,group C,high school,free/reduced,none,34,42,39,218,92,115
male,group B,high school,free/reduced,none,66,77,70,219,83,213
male,group B,some high school,standard,completed,61,56,56,220,70,173
female,group D,high school,standard,completed,56,68,74,221,80,198
male,group B,associate's degree,standard,none,87,85,73,222,93,245
female,group C,some high school,free/reduced,none,55,65,62,223,99,182
male,group D,some high school,standard,none,86,80,75,224,95,241
female,group B,associate's degree,standard,completed,52,66,73,225,94,191
female,group E,master's degree,free/reduced,none,45,56,54,226,77,155
female,group C,some college,standard,none,72,72,71,227,74,215
male,group D,high school,standard,none,57,50,54,228,99,161
male,group A,some high school,free/reduced,none,68,72,64,229,84,204
female,group C,some college,standard,completed,88,95,94,230,97,277
male,group D,some college,standard,none,76,64,66,231,91,206
male,group C,associate's degree,standard,none,46,43,42,232,88,131
female,group B,bachelor's degree,standard,none,67,86,83,233,91,236
male,group E,some high school,standard,none,92,87,78,234,80,257
male,group C,bachelor's degree,standard,completed,83,82,84,235,74,249
male,group D,associate's degree,standard,none,80,75,77,236,99,232
male,group D,bachelor's degree,free/reduced,none,63,66,67,237,85,196
female,group D,some high school,standard,completed,64,60,74,238,83,198
male,group B,some college,standard,none,54,52,51,239,93,157
male,group C,associate's degree,standard,none,84,80,80,240,100,244
male,group D,high school,free/reduced,completed,73,68,66,241,90,207
female,group E,bachelor's degree,standard,none,80,83,83,242,99,246
female,group D,high school,standard,none,56,52,55,243,81,163
male,group E,some college,standard,none,59,51,43,244,84,153
male,group D,some high school,standard,none,75,74,69,245,86,218
male,group C,associate's degree,standard,none,85,76,71,246,79,232
male,group E,associate's degree,standard,none,89,76,74,247,70,239
female,group B,high school,standard,completed,58,70,68,248,94,196
female,group B,high school,standard,none,65,64,62,249,97,191
male,group C,high school,standard,none,68,60,53,250,83,181
male,group A,some high school,standard,completed,47,49,49,251,88,145
female,group D,some college,free/reduced,none,71,83,83,252,74,237
female,group B,some high school,standard,completed,60,70,70,253,92,200
male,group D,master's degree,standard,none,80,80,72,254,79,232
male,group D,high school,standard,none,54,52,52,255,74,158
female,group E,some college,standard,none,62,73,70,256,86,205
female,group C,associate's degree,free/reduced,none,64,73,68,257,97,205
male,group C,associate's degree,standard,completed,78,77,77,258,95,232
female,group B,some college,standard,none,70,75,78,259,80,223
female,group C,master's degree,free/reduced,completed,65,81,81,260,87,227
female,group C,some high school,free/reduced,completed,64,79,77,261,88,220
male,group C,some college,standard,completed,79,79,78,262,77,236
female,group C,some high school,free/reduced,none,44,50,51,263,94,145
female,group E,high school,standard,none,99,93,90,264,71,282
male,group D,high school,standard,none,76,73,68,265,84,217
male,group D,some high school,free/reduced,none,59,42,41,266,89,142
female,group C,bachelor's degree,standard,none,63,75,81,267,98,219
female,group D,high school,standard,none,69,72,77,268,92,218
female,group D,associate's degree,standard,completed,88,92,95,269,85,275
female,group E,some college,free/reduced,none,71,76,70,270,76,217
male,group C,bachelor's degree,standard,none,69,63,61,271,96,193
male,group C,some college,standard,none,58,49,42,272,88,149
female,group D,associate's degree,free/reduced,none,47,53,58,273,94,158
female,group D,some college,standard,none,65,70,71,274,99,206
male,group B,some college,standard,completed,88,85,76,275,96,249
male,group C,bachelor's degree,standard,none,83,78,73,276,91,234
female,group C,some high school,standard,completed,85,92,93,277,88,270
female,group E,high school,standard,completed,59,63,75,278,89,197
female,group C,some high school,free/reduced,none,65,86,80,279,74,231
male,group B,bachelor's degree,free/reduced,none,73,56,57,280,85,186
male,group D,high school,standard,none,53,52,42,281,92,147
male,group D,high school,standard,none,45,48,46,282,79,139
female,group D,bachelor's degree,free/reduced,none,73,79,84,283,71,236
female,group D,some college,free/reduced,completed,70,78,78,284,100,226
female,group B,some high school,standard,none,37,46,46,285,84,129
male,group B,associate's degree,standard,completed,81,82,82,286,91,245
male,group E,associate's degree,standard,completed,97,82,88,287,79,267
female,group B,some high school,standard,none,67,89,82,288,80,238
male,group B,bachelor's degree,free/reduced,none,88,75,76,289,86,239
male,group E,some high school,standard,completed,77,76,77,290,95,230
male,group C,associate's degree,standard,none,76,70,68,291,99,214
male,group D,some high school,standard,none,86,73,70,292,88,229
male,group C,some high school,standard,completed,63,60,57,293,90,180
female,group E,bachelor's degree,standard,none,65,73,75,294,95,213
male,group D,high school,free/reduced,completed,78,77,80,295,77,235
male,group B,associate's degree,free/reduced,none,67,62,60,296,98,189
male,group A,some high school,standard,completed,46,41,43,297,79,130
male,group E,associate's degree,standard,completed,71,74,68,298,71,213
male,group C,high school,free/reduced,completed,40,46,50,299,98,136
male,group D,associate's degree,free/reduced,none,90,87,75,300,72,252
male,group A,some college,free/reduced,completed,81,78,81,301,75,240
male,group D,some high school,free/reduced,none,56,54,52,302,84,162
female,group C,associate's degree,standard,completed,67,84,81,303,94,232
male,group B,associate's degree,standard,none,80,76,64,304,86,220
female,group C,associate's degree,standard,completed,74,75,83,305,81,232
male,group A,some college,standard,none,69,67,69,306,97,205
male,group E,some college,standard,completed,99,87,81,307,98,267
male,group C,some high school,standard,none,51,52,44,308,87,147
female,group B,associate's degree,free/reduced,none,53,71,67,309,79,191
female,group D,high school,free/reduced,none,49,57,52,310,74,158
female,group B,associate's degree,standard,none,73,76,80,311,75,229
male,group B,bachelor's degree,standard,none,66,60,57,312,94,183
male,group D,bachelor's degree,standard,completed,67,61,68,313,77,196
female,group C,associate's degree,free/reduced,completed,68,67,69,314,96,204
female,group C,bachelor's degree,standard,completed,59,64,75,315,88,198
male,group C,high school,standard,none,71,66,65,316,89,202
female,group D,master's degree,standard,completed,77,82,91,317,85,250
male,group C,associate's degree,standard,none,83,72,78,318,77,233
male,group B,bachelor's degree,standard,none,63,71,69,319,80,203
female,group D,associate's degree,free/reduced,none,56,65,63,320,82,184
female,group C,high school,free/reduced,completed,67,79,84,321,72,230
female,group E,high school,standard,none,75,86,79,322,93,240
female,group C,some college,standard,none,71,81,80,323,75,232
female,group C,some high school,free/reduced,none,43,53,53,324,75,149
female,group C,high school,free/reduced,none,41,46,43,325,74,130
female,group C,some college,standard,none,82,90,94,326,98,266
male,group C,some college,standard,none,61,61,62,327,86,184
male,group A,some college,free/reduced,none,28,23,19,328,86,70
male,group C,associate's degree,standard,completed,82,75,77,329,76,234
female,group B,some high school,standard,none,41,55,51,330,70,147
male,group C,high school,standard,none,71,60,61,331,79,192
male,group C,associate's degree,standard,none,47,37,35,332,75,119
male,group E,associate's degree,standard,completed,62,56,53,333,74,171
male,group B,associate's degree,standard,none,90,78,81,334,89,249
female,group C,bachelor's degree,standard,none,83,93,95,335,75,271
female,group B,some college,free/reduced,none,61,68,66,336,83,195
male,group D,some high school,standard,completed,76,70,69,337,94,215
male,group C,associate's degree,standard,none,49,51,43,338,87,143
female,group B,some high school,free/reduced,none,24,38,27,339,90,89
female,group D,some high school,free/reduced,completed,35,55,60,340,90,150
male,group C,high school,free/reduced,none,58,61,52,341,89,171
female,group C,high school,standard,none,61,73,63,342,76,197
female,group B,high school,standard,completed,69,76,74,343,89,219
male,group D,associate's degree,standard,completed,67,72,67,344,75,206
male,group D,some college,standard,none,79,73,67,345,83,219
female,group C,high school,standard,none,72,80,75,346,73,227
male,group B,some college,standard,none,62,61,57,347,87,180
female,group C,bachelor's degree,standard,completed,77,94,95,348,72,266
male,group D,high school,free/reduced,none,75,74,66,349,94,215
male,group E,associate's degree,standard,none,87,74,76,350,80,237
female,group B,bachelor's degree,standard,none,52,65,69,351,97,186
male,group E,some college,standard,none,66,57,52,352,75,175
female,group C,some college,standard,completed,63,78,80,353,79,221
female,group C,associate's degree,standard,none,46,58,57,354,81,161
female,group C,some college,standard,none,59,71,70,355,70,200
female,group B,bachelor's degree,standard,none,61,72,70,356,80,203
male,group A,associate's degree,standard,none,63,61,61,357,98,185
female,group C,some college,free/reduced,completed,42,66,69,358,72,177
male,group D,some college,free/reduced,none,59,62,61,359,86,182
female,group D,some college,standard,none,80,90,89,360,88,259
female,group B,high school,standard,none,58,62,59,361,86,179
male,group B,some high school,standard,completed,85,84,78,362,76,247
female,group C,some college,standard,none,52,58,58,363,79,168
female,group D,some high school,free/reduced,none,27,34,32,364,89,93
male,group C,some college,standard,none,59,60,58,365,79,177
male,group A,bachelor's degree,free/reduced,completed,49,58,60,366,78,167
male,group C,high school,standard,completed,69,58,53,367,95,180
male,group C,bachelor's degree,free/reduced,none,61,66,61,368,95,188
female,group A,some high school,free/reduced,none,44,64,58,369,92,166
female,group D,some high school,standard,none,73,84,85,370,84,242
male,group E,some college,standard,none,84,77,71,371,92,232
female,group C,some college,free/reduced,completed,45,73,70,372,87,188
male,group D,some high school,standard,none,74,74,72,373,90,220
female,group D,some college,standard,completed,82,97,96,374,81,275
female,group D,bachelor's degree,standard,none,59,70,73,375,86,202
male,group E,associate's degree,free/reduced,none,46,43,41,376,99,130
female,group D,some high school,standard,none,80,90,82,377,75,252
female,group D,master's degree,free/reduced,completed,85,95,100,378,100,280
female,group A,some high school,standard,none,71,83,77,379,76,231
male,group A,bachelor's degree,standard,none,66,64,62,380,78,192
female,group B,associate's degree,standard,none,80,86,83,381,83,249
male,group C,associate's degree,standard,completed,87,100,95,382,92,282
male,group C,master's degree,free/reduced,none,79,81,71,383,88,231
female,group E,some high school,free/reduced,none,38,49,45,384,82,132
female,group A,some high school,free/reduced,none,38,43,43,385,74,124
female,group E,some college,standard,none,67,76,75,386,85,218
female,group E,bachelor's degree,standard,none,64,73,70,387,96,207
female,group C,associate's degree,free/reduced,none,57,78,67,388,72,202
female,group D,high school,standard,none,62,64,64,389,71,190
male,group D,master's degree,standard,none,73,70,75,390,74,218
male,group E,some high school,free/reduced,completed,73,67,59,391,82,199
female,group D,some college,standard,none,77,68,77,392,79,222
male,group E,some college,standard,none,76,67,67,393,72,210
male,group C,associate's degree,standard,completed,57,54,56,394,91,167
female,group C,some high school,standard,completed,65,74,77,395,88,216
male,group A,high school,free/reduced,none,48,45,41,396,75,134
female,group B,high school,free/reduced,none,50,67,63,397,70,180
female,group C,associate's degree,standard,none,85,89,95,398,85,269
male,group B,some high school,standard,none,74,63,57,399,73,194
male,group D,some high school,standard,none,60,59,54,400,80,173
female,group C,some high school,standard,completed,59,54,67,401,73,180
male,group A,some college,standard,none,53,43,43,402,96,139
female,group A,some college,free/reduced,none,49,65,55,403,73,169
female,group D,high school,standard,completed,88,99,100,404,84,287
female,group C,high school,standard,none,54,59,62,405,84,175
female,group C,some high school,standard,none,63,73,68,406,74,204
male,group B,associate's degree,standard,completed,65,65,63,407,72,193
female,group B,associate's degree,standard,none,82,80,77,408,96,239
female,group D,high school,free/reduced,completed,52,57,56,409,77,165
male,group D,associate's degree,standard,completed,87,84,85,410,73,256
female,group D,master's degree,standard,completed,70,71,74,411,73,215
male,group E,some college,standard,completed,84,83,78,412,72,245
male,group D,associate's degree,standard,none,71,66,60,413,89,197
male,group B,some high school,standard,completed,63,67,67,414,88,197
female,group C,bachelor's degree,free/reduced,completed,51,72,79,415,85,202
male,group E,high school,standard,none,84,73,69,416,95,226
male,group C,bachelor's degree,standard,completed,71,74,68,417,91,213
male,group C,associate's degree,standard,none,74,73,67,418,83,214
male,group D,some college,standard,none,68,59,62,419,91,189
male,group E,high school,free/reduced,completed,57,56,54,420,85,167
female,group C,associate's degree,free/reduced,completed,82,93,93,421,80,268
female,group D,high school,standard,completed,57,58,64,422,95,179
female,group D,master's degree,free/reduced,completed,47,58,67,423,91,172
female,group A,some high school,standard,completed,59,85,80,424,74,224
male,group B,some college,free/reduced,none,41,39,34,425,74,114
female,group C,some college,free/reduced,none,62,67,62,426,82,191
male,group C,bachelor's degree,standard,none,86,83,86,427,83,255
male,group C,some high school,free/reduced,none,69,71,65,428,72,205
male,group A,some high school,free/reduced,none,65,59,53,429,81,177
male,group C,some high school,free/reduced,none,68,63,54,430,77,185
male,group C,associate's degree,free/reduced,none,64,66,59,431,71,189
female,group C,high school,standard,none,61,72,70,432,75,203
male,group C,high school,standard,none,61,56,55,433,79,172
female,group A,some high school,free/reduced,none,47,59,50,434,98,156
male,group C,some high school,standard,none,73,66,66,435,88,205
male,group C,some college,free/reduced,completed,50,48,53,436,90,151
male,group D,associate's degree,standard,none,75,68,64,437,87,207
male,group D,associate's degree,free/reduced,none,75,66,73,438,71,214
male,group C,high school,standard,none,70,56,51,439,84,177
male,group D,some high school,standard,completed,89,88,82,440,93,259
female,group C,some college,standard,completed,67,81,79,441,98,227
female,group D,high school,standard,none,78,81,80,442,72,239
female,group A,some high school,free/reduced,none,59,73,69,443,71,201
female,group B,associate's degree,standard,none,73,83,76,444,73,232
male,group A,some high school,free/reduced,none,79,82,73,445,99,234
female,group C,some high school,standard,completed,67,74,77,446,88,218
male,group D,some college,free/reduced,none,69,66,60,447,91,195
male,group C,high school,standard,completed,86,81,80,448,97,247
male,group B,high school,standard,none,47,46,42,449,94,135
male,group B,associate's degree,standard,none,81,73,72,450,88,226
female,group C,some college,free/reduced,completed,64,85,85,451,82,234
female,group E,some college,standard,none,100,92,97,452,95,289
female,group C,associate's degree,free/reduced,none,65,77,74,453,98,216
male,group C,some college,free/reduced,none,65,58,49,454,71,172
female,group C,associate's degree,free/reduced,none,53,61,62,455,79,176
male,group C,bachelor's degree,free/reduced,none,37,56,47,456,71,140
female,group D,bachelor's degree,standard,none,79,89,89,457,95,257
male,group D,associate's degree,free/reduced,none,53,54,48,458,96,155
female,group E,bachelor's degree,standard,none,100,100,100,459,81,300
male,group B,high school,standard,completed,72,65,68,460,76,205
male,group C,bachelor's degree,free/reduced,none,53,58,55,461,96,166
male,group B,some college,free/reduced,none,54,54,45,462,86,153
female,group E,some college,standard,none,71,70,76,463,95,217
female,group C,some college,free/reduced,none,77,90,91,464,100,258
male,group A,bachelor's degree,standard,completed,75,58,62,465,100,195
female,group C,some college,standard,none,84,87,91,466,84,262
female,group D,associate's degree,free/reduced,none,26,31,38,467,70,95
male,group A,high school,free/reduced,completed,72,67,65,468,70,204
female,group A,high school,free/reduced,completed,77,88,85,469,98,250
male,group C,some college,standard,none,91,74,76,470,92,241
female,group C,associate's degree,standard,completed,83,85,90,471,76,258
female,group C,high school,standard,none,63,69,74,472,86,206
female,group C,associate's degree,standard,completed,68,86,84,473,100,238
female,group D,some high school,standard,none,59,67,61,474,86,187
female,group B,associate's degree,standard,completed,90,90,91,475,97,271
female,group D,bachelor's degree,standard,completed,71,76,83,476,87,230
male,group E,bachelor's degree,standard,completed,76,62,66,477,82,204
male,group D,associate's degree,standard,none,80,68,72,478,94,220
female,group D,master's degree,standard,none,55,64,70,479,70,189
male,group E,associate's degree,standard,none,76,71,67,480,72,214
male,group B,high school,standard,completed,73,71,68,481,97,212
female,group D,associate's degree,free/reduced,none,52,59,56,482,73,167
male,group C,some college,free/reduced,none,68,68,61,483,88,197
male,group A,high school,standard,none,59,52,46,484,81,157
female,group B,associate's degree,standard,none,49,52,54,485,91,155
male,group C,high school,standard,none,70,74,71,486,77,215
male,group D,some college,free/reduced,none,61,47,56,487,77,164
female,group C,associate's degree,free/reduced,none,60,75,74,488,90,209
male,group B,some high school,standard,completed,64,53,57,489,81,174
male,group A,associate's degree,free/reduced,completed,79,82,82,490,87,243
female,group A,associate's degree,free/reduced,none,65,85,76,491,90,226
female,group C,associate's degree,standard,none,64,64,70,492,94,198
female,group C,some college,standard,none,83,83,90,493,72,256
female,group C,bachelor's degree,standard,none,81,88,90,494,84,259
female,group B,high school,standard,none,54,64,68,495,80,186
male,group D,high school,standard,completed,68,64,66,496,90,198
female,group C,some college,standard,none,54,48,52,497,75,154
female,group D,some college,free/reduced,completed,59,78,76,498,95,213
female,group B,some high school,standard,none,66,69,68,499,89,203
male,group E,some college,standard,none,76,71,72,500,94,219
female,group D,master's degree,standard,none,74,79,82,501,74,235
female,group B,associate's degree,standard,completed,94,87,92,502,88,273
male,group C,some college,free/reduced,none,63,61,54,503,77,178
female,group E,associate's degree,standard,completed,95,89,92,504,70,276
female,group D,master's degree,free/reduced,none,40,59,54,505,96,153
female,group B,some high school,standard,none,82,82,80,506,73,244
male,group A,high school,standard,none,68,70,66,507,72,204
male,group B,bachelor's degree,free/reduced,none,55,59,54,508,76,168
male,group C,master's degree,standard,none,79,78,77,509,89,234
female,group C,bachelor's degree,standard,none,86,92,87,510,84,265
male,group D,some college,standard,none,76,71,73,511,85,220
male,group A,some high school,standard,none,64,50,43,512,74,157
male,group D,some high school,free/reduced,none,62,49,52,513,70,163
female,group B,some high school,standard,completed,54,61,62,514,78,177
female,group B,master's degree,free/reduced,completed,77,97,94,515,83,268
female,group C,some high school,standard,completed,76,87,85,516,72,248
female,group D,some college,standard,none,74,89,84,517,81,247
female,group E,some college,standard,completed,66,74,73,518,90,213
female,group D,some high school,standard,completed,66,78,78,519,88,222
female,group B,high school,free/reduced,completed,67,78,79,520,98,224
male,group D,some college,standard,none,71,49,52,521,78,172
female,group C,associate's degree,standard,none,91,86,84,522,93,261
male,group D,bachelor's degree,standard,none,69,58,57,523,87,184
male,group C,master's degree,free/reduced,none,54,59,50,524,84,163
male,group C,high school,standard,completed,53,52,49,525,70,154
male,group E,some college,standard,none,68,60,59,526,71,187
male,group C,some high school,free/reduced,completed,56,61,60,527,70,177
female,group C,high school,free/reduced,none,36,53,43,528,74,132
female,group D,bachelor's degree,free/reduced,none,29,41,47,529,96,117
female,group C,associate's degree,standard,none,62,74,70,530,87,206
female,group C,associate's degree,standard,completed,68,67,73,531,96,208
female,group C,some high school,standard,none,47,54,53,532,80,154
male,group E,associate's degree,standard,completed,62,61,58,533,75,181
female,group E,associate's degree,standard,completed,79,88,94,534,99,261
male,group B,high school,standard,completed,73,69,68,535,91,210
female,group C,bachelor's degree,free/reduced,completed,66,83,83,536,87,232
male,group C,associate's degree,standard,completed,51,60,58,537,81,169
female,group D,high school,standard,none,51,66,62,538,88,179
male,group E,bachelor's degree,standard,completed,85,66,71,539,99,222
male,group A,associate's degree,standard,completed,97,92,86,540,93,275
male,group C,high school,standard,completed,75,69,68,541,92,212
male,group D,associate's degree,free/reduced,completed,79,82,80,542,80,241
female,group C,associate's degree,standard,none,81,77,79,543,81,237
female,group D,associate's degree,standard,none,82,95,89,544,80,266
female,group D,master's degree,standard,none,64,63,66,545,96,193
male,group E,some high school,free/reduced,completed,78,83,80,546,83,241
female,group A,some high school,standard,completed,92,100,97,547,75,289
male,group C,high school,standard,completed,72,67,64,548,93,203
female,group C,high school,free/reduced,none,62,67,64,549,90,193
male,group C,master's degree,standard,none,79,72,69,550,97,220
male,group C,some high school,free/reduced,none,79,76,65,551,86,220
male,group B,bachelor's degree,free/reduced,completed,87,90,88,552,97,265
female,group B,associate's degree,standard,none,40,48,50,553,86,138
male,group D,some college,free/reduced,none,77,62,64,554,96,203
male,group E,associate's degree,standard,none,53,45,40,555,81,138
female,group C,some college,free/reduced,none,32,39,33,556,91,104
female,group C,associate's degree,standard,completed,55,72,79,557,89,206
male,group C,master's degree,free/reduced,none,61,67,66,558,70,194
female,group B,associate's degree,free/reduced,none,53,70,70,559,90,193
male,group D,some high school,standard,none,73,66,62,560,86,201
female,group D,some college,standard,completed,74,75,79,561,73,228
female,group C,some college,standard,none,63,74,74,562,89,211
male,group C,bachelor's degree,standard,completed,96,90,92,563,96,278
female,group D,some college,free/reduced,completed,63,80,80,564,77,223
male,group B,bachelor's degree,free/reduced,none,48,51,46,565,78,145
male,group B,associate's degree,standard,none,48,43,45,566,88,136
female,group E,bachelor's degree,free/reduced,completed,92,100,100,567,94,292
female,group D,master's degree,free/reduced,completed,61,71,78,568,86,210
male,group B,high school,free/reduced,none,63,48,47,569,75,158
male,group D,bachelor's degree,free/reduced,none,68,68,67,570,92,203
male,group B,some college,standard,completed,71,75,70,571,86,216
male,group A,bachelor's degree,standard,none,91,96,92,572,92,279
female,group C,some college,standard,none,53,62,56,573,78,171
female,group C,high school,free/reduced,completed,50,66,64,574,90,180
female,group E,high school,standard,none,74,81,71,575,99,226
male,group A,associate's degree,free/reduced,completed,40,55,53,576,92,148
male,group A,some college,standard,completed,61,51,52,577,88,164
female,group B,high school,standard,none,81,91,89,578,74,261
female,group B,some college,free/reduced,completed,48,56,58,579,94,162
female,group D,master's degree,standard,none,53,61,68,580,70,182
female,group D,some high school,standard,none,81,97,96,581,72,274
female,group E,some high school,standard,none,77,79,80,582,97,236
female,group D,bachelor's degree,free/reduced,none,63,73,78,583,77,214
female,group D,associate's degree,standard,completed,73,75,80,584,90,228
female,group D,some college,standard,none,69,77,77,585,87,223
female,group C,associate's degree,standard,none,65,76,76,586,95,217
female,group A,high school,standard,none,55,73,73,587,83,201
female,group C,bachelor's degree,free/reduced,none,44,63,62,588,81,169
female,group C,some college,standard,none,54,64,65,589,82,183
female,group A,some high school,standard,none,48,66,65,590,78,179
male,group C,some college,free/reduced,none,58,57,54,591,90,169
male,group A,some high school,standard,none,71,62,50,592,72,183
male,group E,bachelor's degree,standard,none,68,68,64,593,80,200
female,group E,high school,standard,none,74,76,73,594,80,223
female,group C,bachelor's degree,standard,completed,92,100,99,595,86,291
female,group C,bachelor's degree,standard,completed,56,79,72,596,92,207
male,group B,high school,free/reduced,none,30,24,15,597,97,69
male,group A,some high school,standard,none,53,54,48,598,71,155
female,group D,high school,standard,none,69,77,73,599,76,219
female,group D,some high school,standard,none,65,82,81,600,89,228
female,group D,master's degree,standard,none,54,60,63,601,71,177
female,group C,high school,standard,none,29,29,30,602,88,88
female,group E,some college,standard,none,76,78,80,603,80,234
male,group D,high school,free/reduced,none,60,57,51,604,91,168
male,group D,master's degree,free/reduced,completed,84,89,90,605,77,263
male,group C,some high school,standard,none,75,72,62,606,90,209
female,group C,associate's degree,standard,none,85,84,82,607,78,251
female,group C,master's degree,free/reduced,none,40,58,54,608,99,152
female,group E,some college,standard,none,61,64,62,609,93,187
female,group B,associate's degree,standard,none,58,63,65,610,74,186
male,group D,some college,free/reduced,completed,69,60,63,611,89,192
female,group C,some college,standard,none,58,59,66,612,78,183
male,group C,bachelor's degree,standard,completed,94,90,91,613,96,275
female,group C,associate's degree,standard,none,65,77,74,614,80,216
female,group A,associate's degree,standard,none,82,93,93,615,72,268
female,group C,high school,standard,none,60,68,72,616,98,200
female,group E,bachelor's degree,standard,none,37,45,38,617,84,120
male,group D,bachelor's degree,standard,none,88,78,83,618,77,249
male,group D,master's degree,standard,none,95,81,84,619,79,260
male,group C,associate's degree,free/reduced,completed,65,73,68,620,88,206
female,group C,high school,free/reduced,none,35,61,54,621,78,150
male,group B,bachelor's degree,free/reduced,none,62,63,56,622,81,181
male,group C,high school,free/reduced,completed,58,51,52,623,84,161
male,group A,some college,standard,completed,100,96,86,624,99,282
female,group E,bachelor's degree,free/reduced,none,61,58,62,625,93,181
male,group D,some college,standard,completed,100,97,99,626,95,296
male,group B,associate's degree,free/reduced,completed,69,70,63,627,73,202
male,group D,associate's degree,standard,none,61,48,46,628,90,155
male,group D,some college,free/reduced,none,49,57,46,629,80,152
female,group C,some high school,standard,completed,44,51,55,630,91,150
male,group D,some college,standard,none,67,64,70,631,85,201
male,group B,high school,standard,none,79,60,65,632,94,204
female,group B,bachelor's degree,standard,completed,66,74,81,633,91,221
female,group C,high school,standard,none,75,88,85,634,81,248
male,group D,some high school,standard,none,84,84,80,635,98,248
male,group A,high school,standard,none,71,74,64,636,96,209
female,group B,high school,free/reduced,completed,67,80,81,637,82,228
female,group D,some high school,standard,completed,80,92,88,638,88,260
male,group E,some college,standard,none,86,76,74,639,97,236
female,group D,associate's degree,standard,none,76,74,73,640,77,223
male,group D,high school,standard,none,41,52,51,641,96,144
female,group D,associate's degree,free/reduced,completed,74,88,90,642,80,252
female,group B,some high school,free/reduced,none,72,81,79,643,90,232
female,group E,high school,standard,completed,74,79,80,644,79,233
male,group B,high school,standard,none,70,65,60,645,92,195
female,group B,bachelor's degree,standard,completed,65,81,81,646,94,227
female,group D,associate's degree,standard,none,59,70,65,647,91,194
female,group E,high school,free/reduced,none,64,62,68,648,79,194
female,group B,high school,standard,none,50,53,55,649,78,158
female,group D,some college,standard,completed,69,79,81,650,91,229
male,group C,some high school,free/reduced,completed,51,56,53,651,96,160
female,group A,high school,standard,completed,68,80,76,652,70,224
female,group D,some college,standard,completed,85,86,98,653,70,269
female,group A,associate's degree,standard,completed,65,70,74,654,72,209
female,group B,some high school,standard,none,73,79,79,655,92,231
female,group B,some college,standard,none,62,67,67,656,75,196
male,group C,associate's degree,free/reduced,none,77,67,64,657,92,208
male,group D,some high school,standard,none,69,66,61,658,98,196
female,group D,associate's degree,free/reduced,none,43,60,58,659,70,161
male,group D,associate's degree,standard,none,90,87,85,660,95,262
male,group C,some college,free/reduced,none,74,77,73,661,89,224
male,group C,some high school,standard,none,73,66,63,662,85,202
female,group D,some college,free/reduced,none,55,71,69,663,80,195
female,group C,high school,standard,none,65,69,67,664,92,201
male,group D,associate's degree,standard,none,80,63,63,665,96,206
female,group C,some high school,free/reduced,completed,50,60,60,666,79,170
female,group C,some college,free/reduced,completed,63,73,71,667,82,207
female,group B,bachelor's degree,free/reduced,none,77,85,87,668,100,249
male,group C,some college,standard,none,73,74,61,669,73,208
male,group D,associate's degree,standard,completed,81,72,77,670,87,230
female,group C,high school,free/reduced,none,66,76,68,671,72,210
male,group D,associate's degree,free/reduced,none,52,57,50,672,93,159
female,group C,some college,standard,none,69,78,76,673,96,223
female,group C,associate's degree,standard,completed,65,84,84,674,79,233
female,group D,high school,standard,completed,69,77,78,675,77,224
female,group B,some college,standard,completed,50,64,66,676,78,180
female,group E,some college,standard,completed,73,78,76,677,79,227
female,group C,some high school,standard,completed,70,82,76,678,77,228
male,group D,associate's degree,free/reduced,none,81,75,78,679,86,234
male,group D,some college,free/reduced,none,63,61,60,680,98,184
female,group D,high school,standard,none,67,72,74,681,76,213
male,group B,high school,standard,none,60,68,60,682,96,188
male,group B,high school,standard,none,62,55,54,683,75,171
female,group C,some high school,free/reduced,completed,29,40,44,684,94,113
male,group B,some college,standard,completed,62,66,68,685,85,196
female,group E,master's degree,standard,completed,94,99,100,686,74,293
male,group E,some college,standard,completed,85,75,68,687,77,228
male,group D,associate's degree,free/reduced,none,77,78,73,688,98,228
male,group A,high school,free/reduced,none,53,58,44,689,91,155
male,group E,some college,free/reduced,none,93,90,83,690,75,266
female,group C,associate's degree,standard,none,49,53,53,691,82,155
female,group E,associate's degree,free/reduced,none,73,76,78,692,98,227
female,group C,bachelor's degree,free/reduced,completed,66,74,81,693,97,221
female,group D,associate's degree,standard,none,77,77,73,694,99,227
female,group C,some high school,standard,none,49,63,56,695,94,168
female,group D,some college,free/reduced,none,79,89,86,696,95,254
female,group C,associate's degree,standard,completed,75,82,90,697,70,247
female,group A,bachelor's degree,standard,none,59,72,70,698,98,201
female,group D,associate's degree,standard,completed,57,78,79,699,88,214
male,group C,high school,free/reduced,none,66,66,59,700,88,191
female,group E,bachelor's degree,standard,completed,79,81,82,701,100,242
female,group B,some high school,standard,none,57,67,72,702,82,196
male,group A,bachelor's degree,standard,completed,87,84,87,703,96,258
female,group D,some college,standard,none,63,64,67,704,92,194
female,group B,some high school,free/reduced,completed,59,63,64,705,70,186
male,group A,bachelor's degree,free/reduced,none,62,72,65,706,89,199
male,group D,high school,standard,none,46,34,36,707,87,116
male,group C,some college,standard,none,66,59,52,708,98,177
male,group D,high school,standard,none,89,87,79,709,71,255
female,group D,associate's degree,free/reduced,completed,42,61,58,710,70,161
male,group C,some college,standard,completed,93,84,90,711,87,267
female,group E,some high school,standard,completed,80,85,85,712,86,250
female,group D,some college,standard,none,98,100,99,713,81,297
male,group D,master's degree,standard,none,81,81,84,714,99,246
female,group B,some high school,standard,completed,60,70,74,715,70,204
female,group B,associate's degree,free/reduced,completed,76,94,87,716,89,257
male,group C,associate's degree,standard,completed,73,78,72,717,97,223
female,group C,associate's degree,standard,completed,96,96,99,718,74,291
female,group C,high school,standard,none,76,76,74,719,80,226
male,group E,associate's degree,free/reduced,completed,91,73,80,720,86,244
female,group C,some college,free/reduced,none,62,72,70,721,93,204
male,group D,some high school,free/reduced,completed,55,59,59,722,80,173
female,group B,some high school,free/reduced,completed,74,90,88,723,84,252
male,group C,high school,standard,none,50,48,42,724,84,140
male,group B,some college,standard,none,47,43,41,725,98,131
male,group E,some college,standard,completed,81,74,71,726,84,226
female,group E,associate's degree,standard,completed,65,75,77,727,100,217
male,group E,some high school,standard,completed,68,51,57,728,96,176
female,group D,high school,free/reduced,none,73,92,84,729,97,249
male,group C,some college,standard,none,53,39,37,730,88,129
female,group B,associate's degree,free/reduced,completed,68,77,80,731,92,225
male,group A,some high school,free/reduced,none,55,46,43,732,71,144
female,group C,some college,standard,completed,87,89,94,733,97,270
male,group D,some high school,standard,none,55,47,44,734,96,146
female,group E,some college,free/reduced,none,53,58,57,735,80,168
male,group C,master's degree,standard,none,67,57,59,736,92,183
male,group C,associate's degree,standard,none,92,79,84,737,75,255
female,group B,some college,free/reduced,completed,53,66,73,738,92,192
male,group D,associate's degree,standard,none,81,71,73,739,95,225
male,group C,high school,free/reduced,none,61,60,55,740,97,176
male,group D,bachelor's degree,standard,none,80,73,72,741,73,225
female,group A,associate's degree,free/reduced,none,37,57,56,742,100,150
female,group C,high school,standard,none,81,84,82,743,78,247
female,group C,associate's degree,standard,completed,59,73,72,744,79,204
male,group B,some college,free/reduced,none,55,55,47,745,90,157
male,group D,associate's degree,standard,none,72,79,74,746,81,225
male,group D,high school,standard,none,69,75,71,747,78,215
male,group C,some college,standard,none,69,64,68,748,91,201
female,group C,bachelor's degree,free/reduced,none,50,60,59,749,80,169
male,group B,some college,standard,completed,87,84,86,750,76,257
male,group D,some high school,standard,completed,71,69,68,751,71,208
male,group E,some college,standard,none,68,72,65,752,89,205
male,group C,master's degree,free/reduced,completed,79,77,75,753,76,231
female,group C,some high school,standard,completed,77,90,85,754,72,252
male,group C,associate's degree,free/reduced,none,58,55,53,755,79,166
female,group E,associate's degree,standard,none,84,95,92,756,88,271
male,group D,some college,standard,none,55,58,52,757,91,165
male,group E,bachelor's degree,free/reduced,completed,70,68,72,758,91,210
female,group D,some college,free/reduced,completed,52,59,65,759,76,176
male,group B,some college,standard,completed,69,77,77,760,91,223
female,group C,high school,free/reduced,none,53,72,64,761,94,189
female,group D,some high school,standard,none,48,58,54,762,83,160
male,group D,some high school,standard,completed,78,81,86,763,75,245
female,group B,high school,standard,none,62,62,63,764,70,187
male,group D,some college,standard,none,60,63,59,765,89,182
female,group B,high school,standard,none,74,72,72,766,78,218
female,group C,high school,standard,completed,58,75,77,767,78,210
male,group B,high school,standard,completed,76,62,60,768,71,198
female,group D,some high school,standard,none,68,71,75,769,72,214
male,group A,some college,free/reduced,none,58,60,57,770,83,175
male,group B,high school,standard,none,52,48,49,771,90,149
male,group D,bachelor's degree,standard,none,75,73,74,772,98,222
female,group B,some high school,free/reduced,completed,52,67,72,773,79,191
female,group C,bachelor's degree,free/reduced,none,62,78,79,774,90,219
male,group B,some college,standard,none,66,65,60,775,78,191
female,group B,some high school,free/reduced,none,49,58,55,776,73,162
female,group B,high school,standard,none,66,72,70,777,89,208
female,group C,some college,free/reduced,none,35,44,43,778,91,122
female,group A,some college,standard,completed,72,79,82,779,98,233
male,group E,associate's degree,standard,completed,94,85,82,780,96,261
female,group D,associate's degree,free/reduced,none,46,56,57,781,79,159
female,group B,master's degree,standard,none,77,90,84,782,98,251
female,group B,high school,free/reduced,completed,76,85,82,783,94,243
female,group C,associate's degree,standard,completed,52,59,62,784,81,173
male,group C,bachelor's degree,standard,completed,91,81,79,785,92,251
female,group B,some high school,standard,completed,32,51,44,786,78,127
female,group E,some high school,free/reduced,none,72,79,77,787,72,228
female,group B,some college,standard,none,19,38,32,788,93,89
male,group C,associate's degree,free/reduced,none,68,65,61,789,96,194
female,group C,master's degree,free/reduced,none,52,65,61,790,70,178
female,group B,high school,standard,none,48,62,60,791,73,170
female,group D,some college,free/reduced,none,60,66,70,792,84,196
male,group D,high school,free/reduced,none,66,74,69,793,80,209
male,group E,some high school,standard,completed,89,84,77,794,97,250
female,group B,high school,standard,none,42,52,51,795,95,145
female,group E,associate's degree,free/reduced,completed,57,68,73,796,79,198
male,group D,high school,standard,none,70,70,70,797,79,210
female,group E,associate's degree,free/reduced,none,70,84,81,798,87,235
male,group E,some college,standard,none,69,60,54,799,94,183
female,group C,associate's degree,standard,none,52,55,57,800,97,164
male,group C,some high school,standard,completed,67,73,68,801,75,208
male,group C,some high school,standard,completed,76,80,73,802,76,229
female,group E,associate's degree,standard,none,87,94,95,803,91,276
female,group B,some college,standard,none,82,85,87,804,94,254
female,group C,some college,standard,none,73,76,78,805,79,227
male,group A,some college,free/reduced,none,75,81,74,806,95,230
female,group D,some college,free/reduced,none,64,74,75,807,77,213
female,group E,high school,free/reduced,none,41,45,40,808,86,126
male,group C,high school,standard,none,90,75,69,809,87,234
male,group B,bachelor's degree,standard,none,59,54,51,810,94,164
male,group A,some high school,standard,none,51,31,36,811,76,118
male,group A,high school,free/reduced,none,45,47,49,812,88,141
female,group C,master's degree,standard,completed,54,64,67,813,85,185
male,group E,some high school,standard,completed,87,84,76,814,81,247
female,group C,high school,standard,none,72,80,83,815,98,235
male,group B,some high school,standard,completed,94,86,87,816,80,267
female,group A,bachelor's degree,standard,none,45,59,64,817,83,168
male,group D,bachelor's degree,free/reduced,completed,61,70,76,818,77,207
female,group B,high school,free/reduced,none,60,72,68,819,88,200
female,group C,some high school,standard,none,77,91,88,820,89,256
female,group A,some high school,standard,completed,85,90,92,821,90,267
female,group D,bachelor's degree,free/reduced,none,78,90,93,822,76,261
male,group E,some college,free/reduced,completed,49,52,51,823,82,152
female,group B,high school,free/reduced,none,71,87,82,824,77,240
female,group C,some high school,free/reduced,none,48,58,52,825,93,158
male,group C,high school,standard,none,62,67,58,826,84,187
female,group C,associate's degree,free/reduced,completed,56,68,70,827,86,194
female,group C,some high school,standard,none,65,69,76,828,98,210
female,group D,some high school,free/reduced,completed,69,86,81,829,87,236
male,group B,some high school,standard,none,68,54,53,830,73,175
female,group A,some college,free/reduced,none,61,60,57,831,96,178
female,group C,bachelor's degree,free/reduced,completed,74,86,89,832,97,249
male,group A,bachelor's degree,standard,none,64,60,58,833,77,182
female,group B,high school,standard,completed,77,82,89,834,80,248
male,group B,some college,standard,none,58,50,45,835,75,153
female,group C,high school,standard,completed,60,64,74,836,74,198
male,group E,high school,standard,none,73,64,57,837,84,194
female,group A,high school,standard,completed,75,82,79,838,83,236
male,group B,associate's degree,free/reduced,completed,58,57,53,839,87,168
female,group C,associate's degree,standard,none,66,77,73,840,97,216
female,group D,high school,free/reduced,none,39,52,46,841,77,137
male,group C,some high school,standard,none,64,58,51,842,83,173
female,group B,high school,free/reduced,completed,23,44,36,843,99,103
male,group B,some college,free/reduced,completed,74,77,76,844,93,227
female,group D,some high school,free/reduced,completed,40,65,64,845,94,169
male,group E,master's degree,standard,none,90,85,84,846,74,259
male,group C,master's degree,standard,completed,91,85,85,847,71,261
male,group D,high school,standard,none,64,54,50,848,100,168
female,group C,high school,standard,none,59,72,68,849,89,199
male,group D,associate's degree,standard,none,80,75,69,850,81,224
male,group C,master's degree,standard,none,71,67,67,851,72,205
female,group A,high school,standard,none,61,68,63,852,86,192
female,group E,some college,standard,none,87,85,93,853,90,265
male,group E,some high school,standard,none,82,67,61,854,89,210
male,group C,some high school,standard,none,62,64,55,855,91,181
female,group B,bachelor's degree,standard,none,97,97,96,856,95,290
male,group B,some college,free/reduced,none,75,68,65,857,97,208
female,group C,bachelor's degree,standard,none,65,79,81,858,79,225
male,group B,high school,standard,completed,52,49,46,859,84,147
male,group C,associate's degree,free/reduced,none,87,73,72,860,73,232
female,group C,associate's degree,standard,none,53,62,53,861,71,168
female,group E,master's degree,free/reduced,none,81,86,87,862,86,254
male,group D,bachelor's degree,free/reduced,completed,39,42,38,863,91,119
female,group C,some college,standard,completed,71,71,80,864,70,222
male,group C,associate's degree,standard,none,97,93,91,865,85,281
male,group D,some college,standard,completed,82,82,88,866,70,252
male,group C,high school,free/reduced,none,59,53,52,867,86,164
male,group B,associate's degree,standard,none,61,42,41,868,92,144
male,group E,associate's degree,free/reduced,completed,78,74,72,869,83,224
male,group C,associate's degree,free/reduced,none,49,51,51,870,77,151
male,group B,high school,standard,none,59,58,47,871,71,164
female,group C,some college,standard,completed,70,72,76,872,90,218
male,group B,associate's degree,standard,completed,82,84,78,873,72,244
male,group E,associate's degree,free/reduced,none,90,90,82,874,78,262
female,group C,bachelor's degree,free/reduced,none,43,62,61,875,99,166
male,group C,some college,free/reduced,none,80,64,66,876,84,210
male,group D,some college,standard,none,81,82,84,877,80,247
male,group C,some high school,standard,none,57,61,54,878,77,172
female,group D,some high school,standard,none,59,72,80,879,83,211
female,group D,associate's degree,standard,none,64,76,74,880,89,214
male,group C,bachelor's degree,standard,completed,63,64,66,881,98,193
female,group E,bachelor's degree,standard,completed,71,70,70,882,90,211
female,group B,high school,free/reduced,none,64,73,71,883,96,208
male,group D,bachelor's degree,free/reduced,none,55,46,44,884,89,145
female,group E,associate's degree,standard,none,51,51,54,885,76,156
female,group C,associate's degree,standard,completed,62,76,80,886,71,218
female,group E,associate's degree,standard,completed,93,100,95,887,81,288
male,group C,high school,free/reduced,none,54,72,59,888,92,185
female,group D,some college,free/reduced,none,69,65,74,889,90,208
male,group D,high school,free/reduced,none,44,51,48,890,91,143
female,group E,some college,standard,completed,86,85,91,891,70,262
female,group E,associate's degree,standard,none,85,92,85,892,97,262
female,group A,master's degree,free/reduced,none,50,67,73,893,86,190
male,group D,some high school,standard,completed,88,74,75,894,95,237
female,group E,associate's degree,standard,none,59,62,69,895,79,190
female,group E,some high school,free/reduced,none,32,34,38,896,87,104
male,group B,high school,free/reduced,none,36,29,27,897,96,92
female,group B,some high school,free/reduced,completed,63,78,79,898,100,220
male,group D,associate's degree,standard,completed,67,54,63,899,90,184
female,group D,some high school,standard,completed,65,78,82,900,87,225
male,group D,master's degree,standard,none,85,84,89,901,86,258
female,group C,master's degree,standard,none,73,78,74,902,91,225
female,group A,high school,free/reduced,completed,34,48,41,903,94,123
female,group D,bachelor's degree,free/reduced,completed,93,100,100,904,92,293
female,group D,some high school,free/reduced,none,67,84,84,905,94,235
male,group D,some college,standard,none,88,77,77,906,98,242
male,group B,high school,standard,none,57,48,51,907,77,156
female,group D,some college,standard,completed,79,84,91,908,75,254
female,group C,bachelor's degree,free/reduced,none,67,75,72,909,90,214
male,group E,bachelor's degree,standard,completed,70,64,70,910,97,204
male,group D,bachelor's degree,free/reduced,none,50,42,48,911,71,140
female,group A,some college,standard,none,69,84,82,912,70,235
female,group C,bachelor's degree,standard,completed,52,61,66,913,78,179
female,group C,bachelor's degree,free/reduced,completed,47,62,66,914,94,175
female,group B,associate's degree,free/reduced,none,46,61,55,915,88,162
female,group E,some college,standard,none,68,70,66,916,91,204
male,group E,bachelor's degree,standard,completed,100,100,100,917,87,300
female,group C,high school,standard,none,44,61,52,918,78,157
female,group C,associate's degree,standard,completed,57,77,80,919,86,214
male,group B,some college,standard,completed,91,96,91,920,94,278
male,group D,high school,free/reduced,none,69,70,67,921,77,206
female,group C,high school,free/reduced,none,35,53,46,922,100,134
male,group D,high school,standard,none,72,66,66,923,91,204
female,group B,associate's degree,free/reduced,none,54,65,65,924,76,184
male,group D,high school,free/reduced,none,74,70,69,925,81,213
male,group E,some high school,standard,completed,74,64,60,926,79,198
male,group E,associate's degree,free/reduced,none,64,56,52,927,93,172
female,group D,high school,free/reduced,completed,65,61,71,928,87,197
male,group E,associate's degree,free/reduced,completed,46,43,44,929,89,133
female,group C,some high school,free/reduced,none,48,56,51,930,91,155
male,group C,some college,free/reduced,completed,67,74,70,931,78,211
male,group D,some college,free/reduced,none,62,57,62,932,81,181
male,group D,associate's degree,free/reduced,completed,61,71,73,933,77,205
male,group C,bachelor's degree,free/reduced,completed,70,75,74,934,78,219
male,group C,associate's degree,standard,completed,98,87,90,935,80,275
male,group D,some college,free/reduced,none,70,63,58,936,80,191
male,group A,associate's degree,standard,none,67,57,53,937,83,177
female,group E,high school,free/reduced,none,57,58,57,938,89,172
male,group D,some college,standard,completed,85,81,85,939,80,251
male,group D,some high school,standard,completed,77,68,69,940,71,214
male,group C,master's degree,free/reduced,completed,72,66,72,941,97,210
female,group D,master's degree,standard,none,78,91,96,942,87,265
male,group C,high school,standard,none,81,66,64,943,89,211
male,group A,some high school,free/reduced,completed,61,62,61,944,97,184
female,group B,high school,standard,none,58,68,61,945,100,187
female,group C,associate's degree,standard,none,54,61,58,946,98,173
male,group B,high school,standard,none,82,82,80,947,84,244
female,group D,some college,free/reduced,none,49,58,60,948,98,167
male,group B,some high school,free/reduced,completed,49,50,52,949,83,151
female,group E,high school,free/reduced,completed,57,75,73,950,79,205
male,group E,high school,standard,none,94,73,71,951,74,238
female,group D,some college,standard,completed,75,77,83,952,94,235
female,group E,some high school,free/reduced,none,74,74,72,953,87,220
male,group C,high school,standard,completed,58,52,54,954,89,164
female,group C,some college,standard,none,62,69,69,955,94,200
male,group E,associate's degree,standard,none,72,57,62,956,94,191
male,group C,some college,standard,none,84,87,81,957,88,252
female,group D,master's degree,standard,none,92,100,100,958,88,292
female,group D,high school,standard,none,45,63,59,959,81,167
male,group C,high school,standard,none,75,81,71,960,86,227
female,group A,some college,standard,none,56,58,64,961,77,178
female,group D,some high school,free/reduced,none,48,54,53,962,88,155
female,group E,associate's degree,standard,none,100,100,100,963,81,300
female,group C,some high school,free/reduced,completed,65,76,75,964,80,216
male,group D,some college,standard,none,72,57,58,965,92,187
female,group D,some college,standard,none,62,70,72,966,87,204
male,group A,some high school,standard,completed,66,68,64,967,85,198
male,group C,some college,standard,none,63,63,60,968,87,186
female,group E,associate's degree,standard,none,68,76,67,969,99,211
female,group B,bachelor's degree,standard,none,75,84,80,970,77,239
female,group D,bachelor's degree,standard,none,89,100,100,971,82,289
male,group C,some high school,standard,completed,78,72,69,972,80,219
female,group A,high school,free/reduced,completed,53,50,60,973,90,163
female,group D,some college,free/reduced,none,49,65,61,974,76,175
female,group A,some college,standard,none,54,63,67,975,87,184
female,group C,some college,standard,completed,64,82,77,976,77,223
male,group B,some college,free/reduced,completed,60,62,60,977,72,182
male,group C,associate's degree,standard,none,62,65,58,978,95,185
male,group D,high school,standard,completed,55,41,48,979,73,144
female,group C,associate's degree,standard,none,91,95,94,980,71,280
female,group B,high school,free/reduced,none,8,24,23,981,74,55
male,group D,some high school,standard,none,81,78,78,982,95,237
male,group B,some high school,standard,completed,79,85,86,983,78,250
female,group A,some college,standard,completed,78,87,91,984,74,256
female,group C,some high school,standard,none,74,75,82,985,94,231
male,group A,high school,standard,none,57,51,54,986,82,162
female,group C,associate's degree,standard,none,40,59,51,987,75,150
male,group E,some high school,standard,completed,81,75,76,988,83,232
female,group A,some high school,free/reduced,none,44,45,45,989,86,134
female,group D,some college,free/reduced,completed,67,86,83,990,80,236
male,group E,high school,free/reduced,completed,86,81,75,991,94,242
female,group B,some high school,standard,completed,65,82,78,992,87,225
female,group D,associate's degree,free/reduced,none,55,76,76,993,80,207
female,group D,bachelor's degree,free/reduced,none,62,72,74,994,72,208
male,group A,high school,standard,none,63,63,62,995,82,188
female,group E,master's degree,standard,completed,88,99,95,996,92,282
male,group C,high school,free/reduced,none,62,55,55,997,100,172
female,group C,high school,free/reduced,completed,59,71,65,998,96,195
female,group D,some college,standard,completed,68,78,77,999,94,223
female,group D,some college,free/reduced,none,77,86,86,1000,86,249
